res_id_1,res_name_1,atom_1,res_id_2,res_name_2,atom_2,bond_vector,rdc,key
18,G,C1',18,G,H1',C1'H1',-40.4,G18_C1'H1'
19,C,C5,19,C,H5,C5H5,-3.8,C19_C5H5
20,A,C8,20,A,H8,C8H8,18.8,A20_C8H8
20,A,C2,20,A,H2,C2H2,12.8,A20_C2H2
20,A,C1',20,A,H1',C1'H1',-40.5,A20_C1'H1'
21,G,C8,21,G,H8,C8H8,26.7,G21_C8H8
21,G,C1',21,G,H1',C1'H1',-26.7,G21_C1'H1'
21,G,N1,21,G,H1,N1H1,-14.8,G21_N1H1
22,A,C8,22,A,H8,C8H8,23.5,A22_C8H8
22,A,C2,22,A,H2,C2H2,20.5,A22_C2H2
22,A,C1',22,A,H1',C1'H1',4.3,A22_C1'H1'
23,U,C6,23,U,H6,C6H6,7.4,U23_C6H6
23,U,C1',23,U,H1',C1'H1',-0.1,U23_C1'H1'
23,U,C5,23,U,H5,C5H5,2.2,U23_C5H5
24,C,C1',24,C,H1',C1'H1',-12.0,C24_C1'H1'
24,C,C5,24,C,H5,C5H5,-0.7,C24_C5H5
25,U,C6,25,U,H6,C6H6,1.7,U25_C6H6
25,U,C1',25,U,H1',C1'H1',4.7,U25_C1'H1'
25,U,C5,25,U,H5,C5H5,5.1,U25_C5H5
26,G,C8,26,G,H8,C8H8,25.1,G26_C8H8
26,G,N1,26,G,H1,N1H1,-12.1,G26_N1H1
27,A,C8,27,A,H8,C8H8,19.8,A27_C8H8
27,A,C2,27,A,H2,C2H2,22.2,A27_C2H2
27,A,C1',27,A,H1',C1'H1',-18.0,A27_C1'H1'
28,G,C8,28,G,H8,C8H8,21.1,G28_C8H8
28,G,N1,28,G,H1,N1H1,-16.7,G28_N1H1
37,C,C6,37,C,H6,C6H6,23.1,C37_C6H6
37,C,C1',37,C,H1',C1'H1',-19.5,C37_C1'H1'
37,C,C5,37,C,H5,C5H5,17.8,C37_C5H5
38,U,C6,38,U,H6,C6H6,18.8,U38_C6H6
38,U,C1',38,U,H1',C1'H1',-16.3,U38_C1'H1'
38,U,C5,38,U,H5,C5H5,23.6,U38_C5H5
38,U,N3,38,U,H3,N3H3,-11.1,U38_N3H3
39,C,C6,39,C,H6,C6H6,19.6,C39_C6H6
39,C,C1',39,C,H1',C1'H1',-29.2,C39_C1'H1'
39,C,C5,39,C,H5,C5H5,17.9,C39_C5H5
40,U,C5,40,U,H5,C5H5,16.8,U40_C5H5
41,C,C6,41,C,H6,C6H6,23.8,C41_C6H6
41,C,C5,41,C,H5,C5H5,24.5,C41_C5H5
42,U,C6,42,U,H6,C6H6,21.8,U42_C6H6
42,U,C5,42,U,H5,C5H5,24.3,U42_C5H5
42,U,N3,42,U,H3,N3H3,-13.8,U42_N3H3
43,G,C8,43,G,H8,C8H8,16.3,G43_C8H8
43,G,C1',43,G,H1',C1'H1',7.1,G43_C1'H1'
43,G,N1,43,G,H1,N1H1,-12.2,G43_N1H1
44,C,C5,44,C,H5,C5H5,30.7,C44_C5H5
